{"cameraMode":{"drawMode":0,"name":"Shaded","section":"Shading Mode"},"sceneLighting":true,"audioPlay":false,"sceneViewState":{"m_AlwaysRefresh":false,"showFog":true,"showSkybox":true,"showFlares":true,"showImageEffects":true,"showParticleSystems":true,"showVisualEffectGraphs":true,"m_FxEnabled":true},"in2DMode":false,"pivot":{"x":0.3057059645652771,"y":5.432947158813477,"z":-7.356899261474609},"rotation":{"x":0.026987986639142038,"y":-0.025488317012786866,"z":0.0006887528579682112,"w":0.9993131756782532},"size":4.870282173156738,"orthographic":true}